name,gender,birthdate,email,is_registrant,active,company_id,given_name,family_name
ROVIC JOHN,Male,22/08/2021,jeanne864@yahoo.com,true,true,1,ROVIC,JOHN
BEA CHRIZ,Other,24/12/2020,sean507@gmail.com,true,true,1,BEA,CHRIZ
PAULA NICO,Female,08/05/2020,anthony704@yahoo.com,true,true,1,PAULA,NICO
NICA JOEL,Male,31/07/2021,chris397@yahoo.com,true,true,1,NICA,JOEL
JUSTINE NICA,Male,06/09/2021,luis145@yahoo.com,true,true,1,JUSTINE,NICA
KEVIN CAMILLE,Male,16/05/2020,cristine449@gmail.com,true,true,1,KEVIN,CAMILLE
PHILIP ACE,Female,24/04/2021,jane734@gmail.com,true,true,1,PHILIP,ACE
GRACE YEN,Other,25/10/2021,luis145@yahoo.com,true,true,1,GRACE,YEN
JONAS KIKO,Male,18/06/2020,precious146@gmail.com,true,true,1,JONAS,KIKO
ELDRIN GRANT,Female,25/10/2021,rey279@gmail.com,true,true,1,ELDRIN,GRANT
JOSH PHILIP,Other,27/10/2021,sez265@yahoo.com,true,true,1,JOSH,PHILIP
FRANKLIN BIANCA,Other,05/07/2020,jonas735@gmail.com,true,true,1,FRANKLIN,BIANCA
ROVIC KEZIAH,Male,02/12/2020,jeanne864@yahoo.com,true,true,1,ROVIC,KEZIAH
DESIREE JUSTINE,Other,05/07/2020,ronick334@gmail.com,true,true,1,DESIREE,JUSTINE
FRANCES GEELORD,Other,25/10/2021,jennly593@gmail.com,true,true,1,FRANCES,GEELORD
PAULA MARIAN,Female,29/06/2020,chris397@yahoo.com,true,true,1,PAULA,MARIAN
JUSTINE PATRICIA,Male,25/10/2021,bea324@yahoo.com,true,true,1,JUSTINE,PATRICIA
JONATHAN JHOSHCLIFF,Female,27/05/2020,jilliane707@yahoo.com,true,true,1,JONATHAN,JHOSHCLIFF
JOYCE VINCENT,Female,24/04/2021,gabriel955@gmail.com,true,true,1,JOYCE,VINCENT
JUSTINE MICHAEL,Other,02/12/2020,irene435@yahoo.com,true,true,1,JUSTINE,MICHAEL
PATRICIA JILLIANE,Male,26/12/2021,sophia563@gmail.com,true,true,1,PATRICIA,JILLIANE
FRANCES NATHALIE,Female,04/08/2021,precious146@gmail.com,true,true,1,FRANCES,NATHALIE
JOY FRANCES,Other,30/04/2021,evan864@gmail.com,true,true,1,JOY,FRANCES
NICA JOEL,Male,05/10/2020,anthony704@yahoo.com,true,true,1,NICA,JOEL
DARYEL MAY,Male,29/06/2021,ronick334@gmail.com,true,true,1,DARYEL,MAY
KIMBERLY GRANT,Female,10/03/2021,cherry174@gmail.com,true,true,1,KIMBERLY,GRANT
LOYSA TYE,Female,22/03/2020,jane734@gmail.com,true,true,1,LOYSA,TYE
KIKO RONICK,Male,25/01/2020,gabriel228@yahoo.com,true,true,1,KIKO,RONICK
SOPHIA ANTHONY,Female,17/08/2020,gabriel955@gmail.com,true,true,1,SOPHIA,ANTHONY
PAULA MARIAN,Male,09/08/2021,evan864@gmail.com,true,true,1,PAULA,MARIAN
ANGELA TYE,Other,29/06/2020,samson292@gmail.com,true,true,1,ANGELA,TYE
TRISTAN TYE,Other,22/08/2021,jilliane707@yahoo.com,true,true,1,TRISTAN,TYE
JOSH KRISTINE,Female,24/02/2020,rose912@gmail.com,true,true,1,JOSH,KRISTINE
DARYEL GEELORD,Male,17/12/2021,irene435@yahoo.com,true,true,1,DARYEL,GEELORD
MELVIN MARK,Male,22/03/2020,kim684@gmail.com,true,true,1,MELVIN,MARK
RIO RUSSEL,Other,10/03/2021,ronick334@gmail.com,true,true,1,RIO,RUSSEL
ANGELA JERICHO,Male,27/11/2021,joan210@gmail.com,true,true,1,ANGELA,JERICHO
GENESIS LOU,Female,08/05/2020,grace696@yahoo.com,true,true,1,GENESIS,LOU
JOYCE JUSTIN,Other,22/08/2021,ronick334@gmail.com,true,true,1,JOYCE,JUSTIN
ANGELA TYE,Other,12/08/2021,evan864@gmail.com,true,true,1,ANGELA,TYE
KYLE ANA,Female,31/08/2020,evan748@yahoo.com,true,true,1,KYLE,ANA
IVAN SAMANTHA,Other,24/12/2020,gabriel228@yahoo.com,true,true,1,IVAN,SAMANTHA
LOU ABRAHAM,Other,17/02/2021,yash266@gmail.com,true,true,1,LOU,ABRAHAM
ALEXA MOSES,Female,30/04/2021,cristine449@gmail.com,true,true,1,ALEXA,MOSES
EIRENE LEA,Male,22/08/2021,danielle793@yahoo.com,true,true,1,EIRENE,LEA
MELVIN MARK,Other,24/12/2020,joan583@yahoo.com,true,true,1,MELVIN,MARK
KYLE ANA,Other,24/04/2021,joan210@gmail.com,true,true,1,KYLE,ANA
EVAN LUIS,Other,31/08/2020,cherry174@gmail.com,true,true,1,EVAN,LUIS
SEAN SEZ,Other,08/05/2020,evan864@gmail.com,true,true,1,SEAN,SEZ
CHRISTOPHER SAMANTHA,Other,05/09/2020,anthony704@yahoo.com,true,true,1,CHRISTOPHER,SAMANTHA
ANJ RAVEN,Male,30/04/2021,yash266@gmail.com,true,true,1,ANJ,RAVEN
EIRENE ROVIC,Other,05/07/2020,yash266@gmail.com,true,true,1,EIRENE,ROVIC
CHRISTOPHER ALYSSA,Male,10/03/2021,irene435@yahoo.com,true,true,1,CHRISTOPHER,ALYSSA
MICHELLE CZARINA,Male,30/04/2021,jane734@gmail.com,true,true,1,MICHELLE,CZARINA
HANNAH LOYSA,Male,18/01/2021,irene435@yahoo.com,true,true,1,HANNAH,LOYSA
JOEL MIKE,Female,30/04/2021,jilliane707@yahoo.com,true,true,1,JOEL,MIKE
WENDY IRENE,Other,25/01/2020,rey279@gmail.com,true,true,1,WENDY,IRENE
CLAIRE CAMILLE,Female,12/08/2021,jane734@gmail.com,true,true,1,CLAIRE,CAMILLE
IRISH TRISTAN,Other,27/11/2021,angel179@gmail.com,true,true,1,IRISH,TRISTAN
JOEL MIKE,Male,25/01/2020,gabriel955@gmail.com,true,true,1,JOEL,MIKE
SAMANTHA CAMILLE,Female,18/06/2020,kim684@gmail.com,true,true,1,SAMANTHA,CAMILLE
MARIE DANIEL,Other,05/02/2021,grace696@yahoo.com,true,true,1,MARIE,DANIEL
BRIAN JENNY,Other,18/01/2021,jane734@gmail.com,true,true,1,BRIAN,JENNY
RIO RUSSEL,Other,24/04/2021,jilliane707@yahoo.com,true,true,1,RIO,RUSSEL
GRACE YEN,Other,18/06/2020,angel179@gmail.com,true,true,1,GRACE,YEN
ADRIAN RIO,Male,05/02/2021,mark601@yahoo.com,true,true,1,ADRIAN,RIO
SETH PAUL,Other,10/03/2021,joan210@gmail.com,true,true,1,SETH,PAUL
JOYCE VINCENT,Female,31/07/2021,jonathan934@gmail.com,true,true,1,JOYCE,VINCENT
ACE JULIUS,Male,05/07/2020,czarina932@yahoo.com,true,true,1,ACE,JULIUS
ACE BRIAN,Female,26/04/2021,jennly593@gmail.com,true,true,1,ACE,BRIAN
ANGELA BIANCA,Female,12/08/2021,czarina932@yahoo.com,true,true,1,ANGELA,BIANCA
YEN CRISTINE,Male,16/05/2020,czarina932@yahoo.com,true,true,1,YEN,CRISTINE
HANNAH LOYSA,Other,02/12/2020,eduard401@gmail.com,true,true,1,HANNAH,LOYSA
DARYEL GEELORD,Male,22/03/2020,trisha673@gmail.com,true,true,1,DARYEL,GEELORD
LEA JULIUS,Female,09/09/2020,christan320@yahoo.com,true,true,1,LEA,JULIUS
JULIUS MAY,Other,09/09/2020,jeanne864@yahoo.com,true,true,1,JULIUS,MAY
EVAN FAYE,Male,01/09/2021,czarina932@yahoo.com,true,true,1,EVAN,FAYE
AYA NICOLE,Other,11/08/2021,angel179@gmail.com,true,true,1,AYA,NICOLE
KIM SANDY,Male,04/08/2021,danielle793@yahoo.com,true,true,1,KIM,SANDY
ANNE JOYCE,Other,12/08/2020,sez834@yahoo.com,true,true,1,ANNE,JOYCE
DARYEL GEELORD,Male,11/08/2021,trisha673@gmail.com,true,true,1,DARYEL,GEELORD
FRANCES GEELORD,Male,26/07/2020,jane734@gmail.com,true,true,1,FRANCES,GEELORD
CLAIRE CAMILLE,Other,17/08/2020,jonathan934@gmail.com,true,true,1,CLAIRE,CAMILLE
JOEL MIKE,Male,26/04/2021,brian581@gmail.com,true,true,1,JOEL,MIKE
JOHN FRANKLIN,Other,12/08/2020,anthony704@yahoo.com,true,true,1,JOHN,FRANKLIN
DAVE ELLA,Male,10/03/2021,dave795@yahoo.com,true,true,1,DAVE,ELLA
WENDY IRENE,Female,24/04/2021,jilliane707@yahoo.com,true,true,1,WENDY,IRENE
MARY FRANCES,Male,29/06/2020,jane734@gmail.com,true,true,1,MARY,FRANCES
JOY LORENZ,Other,17/02/2021,joel162@gmail.com,true,true,1,JOY,LORENZ
ROVIC KEZIAH,Female,25/01/2020,john496@yahoo.com,true,true,1,ROVIC,KEZIAH
WILL CLARENCE,Female,26/04/2021,samson431@yahoo.com,true,true,1,WILL,CLARENCE
IVAN IAN,Male,25/01/2020,cherry174@gmail.com,true,true,1,IVAN,IAN
PIA CLAIRE,Female,24/04/2021,gabriel228@yahoo.com,true,true,1,PIA,CLAIRE
ANGELA TYE,Male,27/11/2021,rose912@gmail.com,true,true,1,ANGELA,TYE
MAE BIANCA,Female,27/10/2021,jennly593@gmail.com,true,true,1,MAE,BIANCA
PAUL AYA,Other,16/05/2020,joel162@gmail.com,true,true,1,PAUL,AYA
JOY LORENZ,Female,24/03/2020,sean507@gmail.com,true,true,1,JOY,LORENZ
SOPHIA FRANKLIN,Female,10/03/2021,yash266@gmail.com,true,true,1,SOPHIA,FRANKLIN
JOY CATHERINE,Female,04/08/2021,danielle793@yahoo.com,true,true,1,JOY,CATHERINE
KEVIN CAMILLE,Female,13/05/2020,jonathan934@gmail.com,true,true,1,KEVIN,CAMILLE
